	props_0	props_1
0	0.5499673058290594	0.4500326941709405
1	0.5553598598999849	0.44464014010001507
2	0.5587804824673333	0.4412195175326667
3	0.562463883770364	0.4375361162296358
4	0.5486208225684064	0.4513791774315937
5	0.5275893120550312	0.4724106879449687
6	0.5721300816187258	0.42786991838127425
7	0.5570079354220066	0.44299206457799334
8	0.5652752702459618	0.43472472975403825
9	0.5310908795529111	0.4689091204470889
10	0.534826801075085	0.465173198924915
11	0.5962664286217207	0.40373357137827937
12	0.5319379175461082	0.46806208245389175
13	0.4905454498203413	0.5094545501796587
14	0.6120070063325976	0.3879929936674023
15	0.583678276623895	0.41632172337610496
16	0.4787371572367188	0.5212628427632813
17	0.5087923076498932	0.49120769235010675
18	0.6002566766672531	0.39974332333274687
19	0.5131348082699861	0.4868651917300138
20	0.5561178776251169	0.4438821223748831
21	0.5574714718882778	0.44252852811172216
22	0.46891040758877145	0.5310895924112284
23	0.5658964718551178	0.43410352814488223
24	0.5346816665949702	0.4653183334050299
25	0.48432141234533505	0.5156785876546649
26	0.5039781986723169	0.496021801327683
27	0.49796370254376165	0.5020362974562383
28	0.4993246750634218	0.5006753249365781
29	0.5550286618918454	0.4449713381081545
30	0.5468424467659615	0.4531575532340386
31	0.49982205298631277	0.5001779470136872
32	0.5314011015580538	0.46859889844194635
33	0.5284514651838542	0.47154853481614584
34	0.5359951307872854	0.46400486921271444
35	0.48252764718899976	0.5174723528110001
36	0.5461224053024708	0.4538775946975292
37	0.5420368446473786	0.45796315535262133
38	0.5442928249773364	0.4557071750226634
39	0.5926548667086936	0.4073451332913064
40	0.533812356028354	0.466187643971646
41	0.5568057540990915	0.4431942459009086
42	0.5223785197066869	0.4776214802933131
43	0.5416726847137698	0.45832731528623
44	0.5568691724539506	0.44313082754604943
45	0.4666926043270429	0.5333073956729572
46	0.5129539157634597	0.48704608423654033
47	0.5189212211428513	0.4810787788571486
48	0.5654331745150794	0.4345668254849207
49	0.506131454325735	0.49386854567426514
50	0.4883561936969424	0.5116438063030576
51	0.563944403127539	0.43605559687246087
52	0.5169155196409336	0.48308448035906637
53	0.5777002630208516	0.4222997369791484
54	0.5261341228722829	0.47386587712771716
55	0.5754370805816428	0.4245629194183572
56	0.5508083893026636	0.44919161069733643
57	0.5341201816125991	0.465879818387401
58	0.517968183343606	0.48203181665639405
59	0.56328938360109	0.4367106163989099
60	0.5646724567644132	0.4353275432355867
61	0.5597666540194873	0.4402333459805127
62	0.5350532823190597	0.4649467176809403
63	0.5498325643951064	0.45016743560489353
64	0.5355036221921291	0.4644963778078709
65	0.5322541086298299	0.46774589137017003
66	0.5264221019873448	0.47357789801265515
67	0.5320939646907394	0.4679060353092604
68	0.5593366556313324	0.4406633443686676
69	0.5285370942957632	0.47146290570423693
70	0.5552716211011499	0.4447283788988501
71	0.5990888666988557	0.40091113330114425
72	0.5270637705893955	0.4729362294106046
73	0.5493627223689094	0.4506372776310905
74	0.5582850734372886	0.44171492656271133
75	0.476073689730302	0.523926310269698
76	0.4977805422686318	0.5022194577313682
77	0.5758381804552724	0.42416181954472765
78	0.5134682877128844	0.4865317122871155
79	0.5802058241031511	0.41979417589684886
80	0.47259192570842934	0.5274080742915705
81	0.5093108943634908	0.4906891056365092
82	0.5566942166754606	0.44330578332453946
83	0.5631970945808679	0.4368029054191322
84	0.5769643593124311	0.42303564068756894
85	0.6130301576203894	0.3869698423796106
86	0.49223295178204346	0.5077670482179564
87	0.554553165276487	0.44544683472351293
88	0.5660062654539445	0.4339937345460554
89	0.553633845012565	0.4463661549874349
90	0.5556565938311119	0.4443434061688883
91	0.5653326335633918	0.43466736643660825
92	0.505971127174665	0.49402887282533503
93	0.5745358469376879	0.42546415306231206
94	0.506904543307638	0.49309545669236204
95	0.5678994117168181	0.43210058828318204
96	0.5842802306244049	0.41571976937559524
97	0.5969593898246038	0.4030406101753961
98	0.5015011575033966	0.49849884249660337
99	0.6013608931835358	0.39863910681646414
100	0.5464506405800189	0.4535493594199809
101	0.5320675163366969	0.467932483663303
102	0.5387624693490559	0.4612375306509441
103	0.5836419757959607	0.4163580242040393
104	0.591005241098218	0.4089947589017821
105	0.5026064410110221	0.49739355898897797
106	0.5618145148642317	0.43818548513576827
107	0.536943233845522	0.46305676615447794
108	0.5575148823505075	0.4424851176494925
109	0.4840091078841447	0.5159908921158554
110	0.5702261676072123	0.4297738323927877
111	0.5179358225200338	0.4820641774799662
112	0.5252687599359763	0.4747312400640238
113	0.5647851007182932	0.4352148992817068
114	0.5390761645351436	0.4609238354648564
115	0.59229562449883	0.40770437550117006
116	0.5657869217449865	0.43421307825501343
117	0.5417845654678178	0.4582154345321822
118	0.5362109510029331	0.4637890489970668
119	0.5508644197318301	0.4491355802681699
120	0.5311119488135905	0.4688880511864096
121	0.4669601903264818	0.5330398096735182
122	0.5742229478204074	0.4257770521795925
123	0.5767667322563023	0.4232332677436977
124	0.5389138949642515	0.4610861050357486
125	0.4948963747515016	0.5051036252484984
126	0.5359556169453018	0.46404438305469814
127	0.5341788726331487	0.4658211273668512
128	0.5509135063139482	0.4490864936860518
129	0.5868113155941418	0.4131886844058582
130	0.5115182644001386	0.48848173559986124
131	0.544331224013949	0.4556687759860511
132	0.5041793393212597	0.4958206606787404
133	0.5396804499538443	0.4603195500461556
134	0.5464617761498461	0.4535382238501537
135	0.5596735384640644	0.44032646153593563
136	0.5361682437197041	0.4638317562802959
137	0.5259191445483136	0.47408085545168643
138	0.5367026741431705	0.4632973258568295
139	0.5463157628288022	0.4536842371711976
140	0.5224842857212957	0.4775157142787044
141	0.4985829620125406	0.5014170379874593
142	0.5510139027048081	0.44898609729519184
143	0.5068743481953397	0.49312565180466034
144	0.5582893721258257	0.44171062787417426
145	0.5570680913898258	0.4429319086101743
146	0.49300600948046636	0.5069939905195338
147	0.5764601276810625	0.4235398723189376
148	0.48594498565242994	0.5140550143475702
149	0.5127922379076887	0.48720776209231137
150	0.5591856012825905	0.4408143987174095
151	0.5175590972328493	0.4824409027671508
152	0.5413299178912359	0.4586700821087642
153	0.5561459447600506	0.4438540552399493
154	0.5446653961207085	0.4553346038792916
155	0.5511858579347771	0.4488141420652229
156	0.5331195408719294	0.46688045912807064
157	0.5486056692457443	0.4513943307542558
158	0.5020389690100813	0.49796103098991884
159	0.4999518556229602	0.5000481443770398
160	0.5703222302241737	0.4296777697758262
161	0.5713031226595482	0.4286968773404518
162	0.5204996398107027	0.4795003601892974
163	0.5514541278655487	0.4485458721344513
164	0.572722838285326	0.42727716171467395
165	0.4965356781530348	0.5034643218469652
166	0.5530017223946952	0.44699827760530486
167	0.5753121537860187	0.4246878462139813
168	0.5674118327289958	0.43258816727100435
169	0.55752442946284	0.44247557053716013
170	0.5550099430110248	0.44499005698897515
171	0.5070720709086481	0.4929279290913518
172	0.5477085583827662	0.45229144161723384
173	0.5482955963154705	0.45170440368452947
174	0.5506400800366928	0.44935991996330704
175	0.5085986485276601	0.4914013514723399
176	0.5532363566939664	0.44676364330603363
177	0.5242364183217859	0.4757635816782142
178	0.5393236881641361	0.4606763118358639
179	0.5039816894424334	0.4960183105575666
180	0.5501200754616117	0.4498799245383883
181	0.5789802265734691	0.42101977342653085
182	0.5798374853398991	0.42016251466010085
183	0.5846675456107222	0.4153324543892777
184	0.5041257913868689	0.4958742086131311
185	0.544709707523398	0.4552902924766021
186	0.5310023955313345	0.4689976044686654
187	0.5167460502895735	0.48325394971042646
188	0.5487853056162575	0.4512146943837425
189	0.5701966611386454	0.4298033388613547
190	0.5976543353267988	0.4023456646732013
191	0.5159904725542264	0.48400952744577364
192	0.5524898795307323	0.4475101204692678
193	0.5561781374006255	0.44382186259937445
194	0.5130428370965473	0.4869571629034528
195	0.5427903927239007	0.4572096072760993
196	0.5792486214074346	0.4207513785925654
197	0.5702917627362757	0.4297082372637243
198	0.5666506099993753	0.43334939000062483
199	0.5101377682925102	0.4898622317074896
200	0.532783928963647	0.46721607103635304
201	0.5302495108580808	0.46975048914191914
202	0.5975785038812836	0.40242149611871636
203	0.5081917724786635	0.49180822752133646
204	0.5355306732255398	0.4644693267744602
205	0.5586446535023676	0.4413553464976325
206	0.49628482291412657	0.5037151770858735
207	0.5949384417018151	0.4050615582981849
208	0.5818537851585903	0.4181462148414097
209	0.5249977261654346	0.47500227383456534
210	0.49436365596786325	0.5056363440321368
211	0.5321086550008045	0.46789134499919555
212	0.5292454776369775	0.47075452236302245
213	0.5023502718537087	0.49764972814629116
214	0.5384513889122715	0.46154861108772843
215	0.5151881063952838	0.4848118936047163
216	0.5685566843492559	0.43144331565074423
217	0.5490458107855016	0.4509541892144985
218	0.5578859204153416	0.44211407958465837
219	0.5152678521916689	0.4847321478083312
220	0.5462759181649365	0.4537240818350635
221	0.5412938676038616	0.45870613239613844
222	0.5360957538108175	0.46390424618918263
223	0.5356604091060619	0.4643395908939381
224	0.547896696138493	0.452103303861507
225	0.5447036427992199	0.45529635720078016
226	0.5246340799619497	0.4753659200380504
227	0.5368679316079806	0.46313206839201926
228	0.5236321383405771	0.47636786165942296
229	0.46018610639336616	0.5398138936066339
230	0.5595244930595938	0.4404755069404062
231	0.492202114354814	0.507797885645186
232	0.5450919664486253	0.4549080335513747
233	0.5011943458373237	0.49880565416267636
234	0.5586597486457577	0.44134025135424226
235	0.5145553505799237	0.48544464942007637
236	0.5415558407429977	0.45844415925700227
237	0.5313759589907264	0.4686240410092736
238	0.5760153137638406	0.4239846862361594
239	0.5235319954624797	0.4764680045375203
240	0.5491590681041365	0.45084093189586355
241	0.483305187017733	0.5166948129822669
242	0.5016120571173853	0.4983879428826148
243	0.5124312883075074	0.4875687116924926
244	0.5279792899784269	0.47202071002157325
245	0.5024245010676113	0.4975754989323889
246	0.5068853408640387	0.4931146591359613
247	0.5384541985671689	0.46154580143283114
248	0.530827432952046	0.469172567047954
249	0.5578736485501843	0.4421263514498157
250	0.5979903888732248	0.40200961112677525
251	0.591548310876128	0.408451689123872
252	0.5791879507525844	0.4208120492474155
253	0.5310914690954944	0.4689085309045056
254	0.5290005076089072	0.47099949239109284
255	0.545228510624031	0.45477148937596884
256	0.5205320533541569	0.4794679466458432
257	0.5288279343593331	0.471172065640667
258	0.5433661198286022	0.4566338801713979
259	0.5511070527115193	0.44889294728848067
260	0.5325471750957514	0.4674528249042486
261	0.54605532090383	0.45394467909617
262	0.5180493754251614	0.48195062457483867
263	0.5133588373208746	0.48664116267912544
264	0.502060403196918	0.497939596803082
265	0.5779967796936308	0.42200322030636916
266	0.5357107519204087	0.4642892480795913
267	0.5227608463797399	0.4772391536202602
268	0.5366845923140481	0.463315407685952
269	0.5131541508524742	0.4868458491475257
270	0.5365167491502654	0.4634832508497346
271	0.5305846355033694	0.4694153644966307
272	0.49450854439879927	0.5054914556012008
273	0.5378306684397578	0.4621693315602422
274	0.5275122907857491	0.4724877092142508
275	0.5888944681526572	0.4111055318473429
276	0.4515636112974538	0.5484363887025462
277	0.45419357436345587	0.545806425636544
278	0.5918377668246553	0.4081622331753448
279	0.5170563040612756	0.4829436959387245
280	0.552265269434576	0.447734730565424
281	0.5308352427930578	0.46916475720694223
282	0.536200644194308	0.463799355805692
283	0.5546908722366861	0.44530912776331394
284	0.5144764986140965	0.4855235013859035
285	0.5450901074778921	0.454909892522108
286	0.5136662824319461	0.486333717568054
287	0.548721349433574	0.451278650566426
288	0.5339171288147753	0.46608287118522473
289	0.5406865849543133	0.45931341504568673
290	0.5257450024280714	0.47425499757192857
291	0.5245467391343764	0.4754532608656235
292	0.5073325656887914	0.4926674343112087
293	0.48801052262641226	0.5119894773735877
294	0.5255752039192421	0.47442479608075794
295	0.4973639534439099	0.5026360465560901
296	0.4927644141672507	0.5072355858327493
297	0.5233161938468288	0.47668380615317124
298	0.5586959606694764	0.4413040393305237
299	0.5512396940039741	0.4487603059960258
300	0.47933538813470256	0.5206646118652973
301	0.4787712886775627	0.5212287113224373
302	0.6051610929180542	0.3948389070819458
303	0.49037750268297975	0.5096224973170203
304	0.5513845994526061	0.4486154005473939
305	0.5430816430478901	0.4569183569521098
306	0.5228882124844952	0.4771117875155047
307	0.5384326364075697	0.4615673635924303
308	0.5488367088457303	0.45116329115426956
309	0.552236254497425	0.4477637455025751
310	0.5139026459046385	0.4860973540953614
311	0.5074259299666285	0.4925740700333715
312	0.5338969193304551	0.4661030806695448
313	0.489202981290846	0.5107970187091541
314	0.5436242467065867	0.45637575329341334
315	0.5212523004764645	0.47874769952353546
316	0.5450540827249581	0.45494591727504186
317	0.5292599551371489	0.4707400448628512
318	0.5352486169392426	0.4647513830607574
319	0.5327674212408138	0.46723257875918633
320	0.5446261423668566	0.45537385763314325
321	0.5046846027340797	0.4953153972659203
322	0.5686388122230412	0.43136118777695875
323	0.5053096107901773	0.49469038920982267
324	0.5877241298314235	0.4122758701685765
325	0.4881289850924582	0.5118710149075417
326	0.5582569363216598	0.44174306367834015
327	0.521202107251796	0.47879789274820395
328	0.5250934254142832	0.47490657458571683
329	0.5631036934618872	0.43689630653811284
330	0.5681951668287137	0.4318048331712863
331	0.5446967707098388	0.4553032292901611
332	0.567485796170737	0.43251420382926303
333	0.5282653284664347	0.47173467153356524
334	0.508515303921385	0.49148469607861495
335	0.5408986691414065	0.45910133085859356
336	0.525199154885284	0.474800845114716
337	0.5442747260536177	0.4557252739463823
338	0.5434520707046804	0.4565479292953195
339	0.5362614663720987	0.46373853362790135
340	0.5258748249571085	0.47412517504289137
341	0.5178359943997093	0.48216400560029066
342	0.5953264575404381	0.40467354245956194
343	0.6297462138261661	0.3702537861738339
344	0.47403367429088633	0.5259663257091136
345	0.6155996122147422	0.3844003877852578
346	0.5358464813692702	0.4641535186307297
347	0.5682898530934296	0.4317101469065704
348	0.5671937363310381	0.43280626366896185
349	0.5031320829263853	0.4968679170736148
350	0.5778394244104442	0.4221605755895557
351	0.46812241830700996	0.53187758169299
352	0.607252393337394	0.392747606662606
353	0.5746690447285138	0.42533095527148623
354	0.5138259325797174	0.4861740674202825
355	0.5872195132907801	0.41278048670921996
356	0.5017447321881366	0.49825526781186347
357	0.5871571926920774	0.41284280730792255
358	0.5224653782311275	0.47753462176887257
359	0.5112064102663713	0.4887935897336287
360	0.5649593634780039	0.43504063652199604
361	0.4954507751958037	0.5045492248041963
362	0.5494792024294501	0.45052079757054986
363	0.5328367883278925	0.4671632116721074
364	0.5659158273256623	0.43408417267433774
365	0.5169939800057173	0.4830060199942826
366	0.5185798846784696	0.4814201153215305
367	0.5341967060821251	0.4658032939178749
368	0.5232739466477915	0.4767260533522085
369	0.5198366103793953	0.4801633896206047
370	0.500181478077121	0.499818521922879
371	0.5835666117958915	0.41643338820410847
372	0.5710831881044942	0.42891681189550573
373	0.568109511149851	0.43189048885014897
374	0.5707918330013347	0.42920816699866526
375	0.5049938025115707	0.4950061974884293
376	0.5725010422592033	0.42749895774079677
377	0.5529735389572471	0.44702646104275295
378	0.543391763802491	0.4566082361975091
379	0.5709516200605786	0.4290483799394212
380	0.512790418059964	0.48720958194003594
381	0.5301466450056549	0.4698533549943451
382	0.546174197241453	0.45382580275854706
383	0.49199413954153975	0.5080058604584603
384	0.5998736587101696	0.4001263412898304
385	0.5771437369930401	0.42285626300696
386	0.5266977616177793	0.4733022383822208
387	0.5671804875533166	0.4328195124466833
388	0.52339186567672	0.4766081343232799
389	0.5383991951576629	0.4616008048423371
390	0.5419084742562338	0.45809152574376627
391	0.5155484125579924	0.48445158744200756
392	0.5493485212864846	0.4506514787135154
393	0.536262192361871	0.463737807638129
394	0.5356790082656382	0.4643209917343618
395	0.5356243010471555	0.4643756989528445
396	0.5361411350904606	0.46385886490953937
397	0.5447995486962407	0.45520045130375925
398	0.5247112467244756	0.47528875327552444
399	0.5251063994452819	0.47489360055471813
400	0.5549443352075857	0.4450556647924144
401	0.48753200287985726	0.5124679971201428
402	0.5605097882763601	0.4394902117236397
403	0.5678684541120526	0.43213154588794744
404	0.510500800017658	0.48949919998234187
405	0.5496990379428874	0.4503009620571127
406	0.5092414294497568	0.49075857055024324
407	0.48603895837748995	0.51396104162251
408	0.5720063824483252	0.42799361755167475
409	0.49074841670003716	0.5092515832999629
410	0.49866085843474756	0.5013391415652525
411	0.574906780841896	0.425093219158104
412	0.4734105598663281	0.526589440133672
413	0.5629482625293897	0.4370517374706104
414	0.48425630727152524	0.5157436927284748
415	0.4822543520187512	0.5177456479812487
416	0.41622093010266187	0.5837790698973382
417	0.6226134423549777	0.3773865576450222
418	0.5548281612563316	0.44517183874366845
419	0.5226331535306487	0.4773668464693514
420	0.5425523873954161	0.4574476126045839
421	0.5199147793735245	0.48008522062647546
422	0.5153503585053254	0.4846496414946745
423	0.5280530089936527	0.47194699100634735
424	0.5166842707944617	0.48331572920553834
425	0.5232708174692545	0.4767291825307454
426	0.5094997210955452	0.4905002789044547
427	0.511478019558454	0.4885219804415461
428	0.5069418641933456	0.49305813580665436
429	0.516739559438018	0.48326044056198203
430	0.5160785863588799	0.48392141364112007
431	0.49644657582904933	0.5035534241709506
432	0.561238942144313	0.43876105785568714
433	0.5650153898521912	0.4349846101478088
434	0.5660954985216778	0.4339045014783221
435	0.4793527379266386	0.5206472620733614
436	0.495289209736366	0.504710790263634
437	0.4783647058971817	0.5216352941028182
438	0.5244521643386612	0.47554783566133885
439	0.5363681228056774	0.4636318771943226
440	0.551704803026216	0.44829519697378395
441	0.5317736828372377	0.46822631716276225
442	0.5297439001829791	0.47025609981702093
443	0.5321759528911804	0.46782404710881975
444	0.5161712341291514	0.48382876587084855
445	0.5422705183636842	0.4577294816363158
446	0.5311734068276118	0.468826593172388
447	0.4975291021566102	0.5024708978433898
448	0.5574506587380299	0.4425493412619702
449	0.5289826153932308	0.47101738460676923
450	0.5117426346069095	0.48825736539309056
451	0.525634355424816	0.47436564457518404
452	0.49638528219079453	0.5036147178092055
453	0.5521869247849116	0.44781307521508834
454	0.48807814854779236	0.5119218514522077
455	0.620477408499713	0.379522591500287
456	0.5877408323069527	0.4122591676930473
457	0.48557165661797447	0.5144283433820255
458	0.5604866213950618	0.4395133786049382
459	0.5547325556093505	0.4452674443906494
460	0.5469803483111948	0.45301965168880526
461	0.476948907133976	0.523051092866024
462	0.5559245200785021	0.4440754799214979
463	0.5345389791924042	0.4654610208075958
464	0.6046113229885903	0.3953886770114096
465	0.514203057228381	0.48579694277161906
466	0.5682483676378178	0.4317516323621822
467	0.49309364831455144	0.5069063516854485
468	0.5861678171804962	0.41383218281950374
469	0.5033938126243754	0.49660618737562456
470	0.5708441887551067	0.4291558112448934
471	0.5196388474249243	0.4803611525750758
472	0.5203457481660522	0.47965425183394794
473	0.533276683999209	0.46672331600079087
474	0.5455568440830896	0.4544431559169105
475	0.5238143208766339	0.47618567912336596
476	0.5521285030564882	0.44787149694351175
477	0.5199766227121836	0.4800233772878165
478	0.5336681873105877	0.4663318126894121
479	0.5783338983122734	0.42166610168772656
480	0.5249552470016302	0.4750447529983699
481	0.4787789482192962	0.5212210517807039
482	0.4631113568188284	0.5368886431811716
483	0.5991924673385186	0.4008075326614814
484	0.5339085110526235	0.46609148894737656
485	0.49052894512304235	0.5094710548769577
486	0.542804294027061	0.4571957059729389
487	0.5160930976362637	0.48390690236373635
488	0.537238625042262	0.462761374957738
489	0.5126532087377885	0.48734679126221153
490	0.5351404753372506	0.4648595246627493
491	0.5492552545973348	0.4507447454026652
492	0.520886308615009	0.479113691384991
493	0.5482252417389674	0.45177475826103275
494	0.5181539534359432	0.4818460465640569
495	0.5748501890192046	0.42514981098079546
496	0.49315086654304285	0.5068491334569571
497	0.5521725346837799	0.44782746531622
498	0.5393504729721283	0.4606495270278716
499	0.5329412169994386	0.4670587830005614
500	0.5844718849681386	0.4155281150318614
501	0.558490729899924	0.44150927010007607
502	0.5490160633783888	0.45098393662161107
503	0.5086542405365599	0.4913457594634401
504	0.5243144756067857	0.47568552439321443
505	0.548037652778357	0.4519623472216429
506	0.5386887213007625	0.46131127869923755
507	0.5596523798761665	0.4403476201238335
508	0.5336725450219612	0.46632745497803896
509	0.6074073854710391	0.3925926145289609
510	0.608428518503009	0.391571481496991
511	0.4891572644035031	0.510842735596497
512	0.5879041055374533	0.4120958944625467
513	0.535831168325059	0.464168831674941
514	0.5127373727595601	0.48726262724043984
515	0.4895887685297398	0.5104112314702601
516	0.4963132332101838	0.5036867667898163
517	0.5240967684885169	0.47590323151148306
518	0.5130634564981271	0.4869365435018729
519	0.547520086165179	0.45247991383482106
520	0.5076048264614353	0.49239517353856466
521	0.5272997606877382	0.4727002393122619
522	0.536662922061093	0.46333707793890694
523	0.5442106760994626	0.4557893239005374
524	0.5485829597902767	0.45141704020972323
525	0.46678743928070715	0.5332125607192928
526	0.4635691536800805	0.5364308463199194
527	0.4547691234092939	0.5452308765907061
528	0.5807528386594638	0.4192471613405361
529	0.5890372529016437	0.41096274709835634
530	0.4723883884760127	0.5276116115239874
531	0.5835529469941554	0.41644705300584467
532	0.48596330079367356	0.5140366992063264
533	0.5616076951616299	0.43839230483837
534	0.5596957448516504	0.4403042551483496
535	0.5695773114622368	0.4304226885377633
536	0.5307515960884255	0.4692484039115746
537	0.5051614092523005	0.4948385907476995
538	0.5672894089640358	0.43271059103596426
539	0.5898486348552987	0.41015136514470124
540	0.4978365533650242	0.5021634466349759
541	0.501286775352827	0.498713224647173
542	0.5447505480601185	0.4552494519398816
543	0.5415912311745984	0.45840876882540155
544	0.5144869640233721	0.48551303597662787
545	0.5070980546041818	0.4929019453958183
546	0.5864008769518728	0.41359912304812724
547	0.5075194827342255	0.49248051726577435
548	0.5200410632711293	0.47995893672887074
549	0.5464781502377086	0.4535218497622913
550	0.5143269205535753	0.4856730794464247
551	0.5233562860001141	0.4766437139998859
552	0.5071071877994595	0.49289281220054054
553	0.5363054294753562	0.4636945705246437
554	0.505138921922781	0.4948610780772191
555	0.49377384938072827	0.5062261506192717
556	0.5751375273373368	0.424862472662663
557	0.5594805604721063	0.44051943952789374
558	0.5166824488323425	0.48331755116765746
559	0.533764221561006	0.46623577843899405
560	0.5360896838910785	0.46391031610892164
561	0.541761686199187	0.45823831380081304
562	0.5210782928819302	0.47892170711806975
563	0.5045833615982827	0.49541663840171746
564	0.5185700721616548	0.4814299278383452
565	0.5606312782007076	0.4393687217992924
566	0.5603092039484177	0.43969079605158234
567	0.4809065278047431	0.5190934721952568
568	0.5240147171810435	0.47598528281895647
569	0.4969524455790551	0.5030475544209448
570	0.5476477612265488	0.45235223877345127
571	0.5378496546232826	0.4621503453767175
572	0.5108527583303678	0.48914724166963214
573	0.5144465767516877	0.4855534232483123
574	0.49030271528688973	0.5096972847131102
575	0.525844319349986	0.4741556806500142
576	0.5673123219057339	0.4326876780942662
577	0.5141241338974681	0.485875866102532
578	0.5383822072849137	0.46161779271508635
579	0.5459149723537243	0.4540850276462757
580	0.5825095679152965	0.4174904320847036
581	0.48109625481747187	0.5189037451825282
582	0.577196929713734	0.422803070286266
583	0.5247266905124222	0.47527330948757773
584	0.5660458136907355	0.4339541863092645
585	0.5138719864091751	0.486128013590825
586	0.5370652097314438	0.4629347902685563
587	0.5270700340718499	0.4729299659281501
588	0.5699454015880666	0.43005459841193344
589	0.5110199533528521	0.4889800466471479
590	0.5460036491344176	0.4539963508655825
591	0.5265223088917409	0.47347769110825916
592	0.5292671004685756	0.47073289953142444
593	0.4992721931592877	0.5007278068407123
594	0.5434641670222151	0.45653583297778494
595	0.5032259720277724	0.4967740279722275
596	0.5867147153325944	0.4132852846674056
597	0.5121390457599514	0.4878609542400486
598	0.5499200807511427	0.45007991924885726
599	0.5283008064893812	0.47169919351061884
600	0.5253222712538238	0.47467772874617625
601	0.5408511320969184	0.4591488679030816
602	0.46601396334819023	0.5339860366518099
603	0.5666213749383612	0.433378625061639
604	0.482959203898357	0.5170407961016431
605	0.4975971426220967	0.5024028573779032
606	0.564050665488571	0.43594933451142914
607	0.5595977893462566	0.44040221065374335
608	0.5580529994513909	0.44194700054860914
609	0.5278978072456598	0.4721021927543403
610	0.5648290993407138	0.4351709006592862
611	0.5567141571742898	0.44328584282571015
612	0.5667527897121181	0.433247210287882
613	0.5260290355864586	0.4739709644135415
614	0.5464394043904846	0.45356059560951556
615	0.5231800605681849	0.47681993943181517
616	0.5248603075812756	0.4751396924187245
617	0.5320202097645508	0.46797979023544933
618	0.5413968668834968	0.4586031331165033
619	0.5189889269139332	0.4810110730860668
620	0.4946713884074209	0.505328611592579
621	0.4957004892817003	0.5042995107182997
622	0.5005070130400804	0.49949298695991956
623	0.5724118599687716	0.42758814003122847
624	0.5113591047809029	0.4886408952190972
625	0.5171158088039166	0.4828841911960832
626	0.5290329931862788	0.47096700681372117
627	0.5366468584065118	0.46335314159348834
628	0.4952744590915594	0.5047255409084406
629	0.5429385548302984	0.4570614451697017
630	0.485936846293187	0.5140631537068129
631	0.5644337394305144	0.43556626056948555
632	0.4885249985836554	0.5114750014163447
633	0.5731800812794124	0.42681991872058755
634	0.524301532429803	0.4756984675701969
635	0.5342025013378542	0.4657974986621458
636	0.525406936042734	0.47459306395726597
637	0.5352718658863799	0.4647281341136202
638	0.5506691535891672	0.4493308464108329
639	0.5526270213472004	0.44737297865279946
640	0.5314408164588694	0.4685591835411306
641	0.5785405556789944	0.4214594443210056
642	0.588460824104496	0.411539175895504
643	0.4734795627786824	0.5265204372213176
644	0.5497609326299852	0.4502390673700148
645	0.5202607352983489	0.4797392647016512
646	0.5179360724697777	0.4820639275302223
647	0.6128104310706566	0.3871895689293434
648	0.49135608576794637	0.5086439142320536
649	0.5789275386981394	0.4210724613018606
650	0.5003303368448127	0.49966966315518735
651	0.5944379027814828	0.40556209721851705
652	0.4956681634804425	0.5043318365195575
653	0.5275403785301752	0.4724596214698247
654	0.562440350759797	0.43755964924020285
655	0.48438491015009116	0.5156150898499089
656	0.5177363972163553	0.48226360278364455
657	0.515770685152949	0.48422931484705095
658	0.5161741729628877	0.4838258270371122
659	0.5115418053363958	0.48845819466360413
660	0.538178514526069	0.4618214854739311
661	0.5424285360355876	0.45757146396441234
662	0.5451908738459393	0.4548091261540606
663	0.5765561726592527	0.4234438273407473
664	0.5049474460614943	0.49505255393850556
665	0.5024484750998163	0.49755152490018384
666	0.533970433843067	0.4660295661569331
667	0.5346778861474144	0.4653221138525857
668	0.5562663311940175	0.4437336688059826
669	0.5199323898139896	0.4800676101860104
670	0.4733457243401531	0.526654275659847
671	0.6063627694408634	0.39363723055913646
672	0.6033025061733228	0.39669749382667735
673	0.5939377952208965	0.40606220477910354
674	0.5696572628346552	0.4303427371653448
675	0.5239643366858415	0.4760356633141584
676	0.5923436818966544	0.40765631810334546
677	0.5687580813184387	0.4312419186815612
678	0.47341469304855	0.52658530695145
679	0.46245537555386507	0.5375446244461349
680	0.5660402228173059	0.43395977718269413
681	0.5203731889295815	0.47962681107041866
682	0.5263502688092964	0.47364973119070375
683	0.5435372264105327	0.45646277358946735
684	0.5518673545358378	0.44813264546416215
685	0.5659525195304842	0.4340474804695158
686	0.5106075677807852	0.4893924322192148
687	0.5030839171420765	0.4969160828579235
688	0.5307855848124016	0.4692144151875985
689	0.55490263497916	0.44509736502083996
690	0.5502173362059849	0.4497826637940152
691	0.526449451104015	0.4735505488959851
692	0.5715358562810766	0.42846414371892344
693	0.5036266307714452	0.49637336922855463
694	0.5490111351584818	0.4509888648415184
695	0.543338761789521	0.4566612382104789
696	0.5209143877535755	0.4790856122464245
697	0.565019310056102	0.43498068994389805
698	0.5458200840985481	0.45417991590145185
699	0.516900112678336	0.4830998873216638
700	0.5375839498593661	0.4624160501406339
701	0.5228262317005904	0.47717376829940966
702	0.5409203274612215	0.45907967253877835
703	0.5315139290232122	0.46848607097678785
704	0.5708875244964575	0.4291124755035424
705	0.5513118864343852	0.4486881135656148
706	0.5541792583956546	0.4458207416043453
707	0.5566724635692644	0.4433275364307355
708	0.5339035126633248	0.4660964873366752
709	0.4862621129474856	0.5137378870525144
710	0.5432899631303097	0.45671003686969014
711	0.5354933482921459	0.4645066517078542
712	0.565845598937151	0.434154401062849
713	0.568111963027261	0.4318880369727389
714	0.5312680097260528	0.4687319902739471
715	0.5180618739610168	0.4819381260389834
716	0.5246800570172017	0.4753199429827983
717	0.510892215360185	0.48910778463981486
718	0.5740183543593093	0.4259816456406908
719	0.4977624597675153	0.5022375402324847
720	0.5685067744128095	0.4314932255871905
721	0.479520426194547	0.5204795738054531
722	0.5928270718298292	0.40717292817017076
723	0.49974333449650143	0.5002566655034987
724	0.5630017403981988	0.43699825960180105
725	0.517891051688441	0.4821089483115591
726	0.507419556352298	0.49258044364770204
727	0.5329762014073268	0.4670237985926732
728	0.5372806936708417	0.4627193063291582
729	0.5347461331528297	0.46525386684717046
730	0.5242462596366158	0.47575374036338425
731	0.5695200848627219	0.43047991513727824
732	0.5238971712061686	0.4761028287938314
733	0.572060008184383	0.42793999181561687
734	0.5834426949913705	0.4165573050086295
735	0.5305941172315115	0.46940588276848844
736	0.5174024783180197	0.48259752168198033
737	0.5535186141068498	0.4464813858931502
738	0.5676308163359683	0.4323691836640317
739	0.5918579108615839	0.40814208913841615
740	0.5578713540371301	0.4421286459628698
741	0.566781047916941	0.43321895208305905
742	0.5427971500003774	0.4572028499996225
743	0.5707584587013298	0.4292415412986702
744	0.4913026266185182	0.5086973733814818
745	0.5736541214181673	0.42634587858183265
746	0.5087995512695312	0.4912004487304689
747	0.5576038958086659	0.4423961041913342
748	0.5593491536496651	0.4406508463503348
749	0.568088912359664	0.43191108764033603
750	0.5030781344876096	0.49692186551239037
751	0.5055845335138686	0.4944154664861314
752	0.5530984444184603	0.44690155558153966
753	0.5855694222470873	0.41443057775291264
754	0.5343289010770023	0.4656710989229978
755	0.5674664521628918	0.4325335478371082
756	0.5033358296390467	0.4966641703609532
757	0.5177576161752017	0.4822423838247982
758	0.533218936316041	0.466781063683959
759	0.5064325934590446	0.4935674065409555
760	0.5572658326219575	0.4427341673780424
761	0.5807243313993091	0.41927566860069093
762	0.5296680798231681	0.47033192017683206
763	0.5308465328464261	0.46915346715357387
764	0.5308633651093894	0.46913663489061064
765	0.5326312361065652	0.4673687638934348
766	0.5364501848907667	0.4635498151092334
767	0.5537760708106463	0.4462239291893537
768	0.548521297602139	0.45147870239786114
769	0.5430857162309943	0.45691428376900567
770	0.5121188888185846	0.4878811111814154
771	0.4889318066880068	0.5110681933119932
772	0.5895232849291052	0.41047671507089484
773	0.5913782338028499	0.40862176619715
774	0.5484600528993598	0.4515399471006401
775	0.5205766811897798	0.47942331881022016
776	0.5204129581059798	0.47958704189402024
777	0.5076458113648039	0.49235418863519603
778	0.5190130966986062	0.4809869033013937
779	0.5762754953937317	0.4237245046062682
780	0.5761868748121965	0.4238131251878035
781	0.5481843965328884	0.45181560346711147
782	0.5647750722153393	0.43522492778466065
783	0.5662662446876572	0.4337337553123428
784	0.5516969236054847	0.44830307639451517
785	0.5175501476599939	0.48244985234000604
786	0.5154955866342501	0.48450441336575006
787	0.46769471025184	0.5323052897481598
788	0.5688202339036533	0.43117976609634656
789	0.4854297763637501	0.5145702236362499
790	0.588526754032983	0.41147324596701684
791	0.49276931483010705	0.5072306851698931
792	0.5761004010235747	0.42389959897642526
793	0.5383138983558551	0.46168610164414503
794	0.5407881842805465	0.4592118157194535
795	0.5698196700271019	0.4301803299728981
796	0.5672875821885858	0.4327124178114141
797	0.5569121830040545	0.4430878169959454
798	0.5218385510934838	0.4781614489065162
799	0.5118925085128909	0.48810749148710914
800	0.5718163751146216	0.4281836248853783
801	0.5300924329775046	0.4699075670224952
802	0.5412776318016368	0.4587223681983631
803	0.5610112442622401	0.43898875573775986
804	0.5224449952912208	0.47755500470877926
805	0.5254749210533983	0.4745250789466017
806	0.5522755520015232	0.44772444799847677
807	0.5090442732620291	0.49095572673797094
808	0.5675216350632203	0.43247836493677966
809	0.5639747616799959	0.43602523832000406
810	0.5385599777171907	0.4614400222828093
811	0.540028584980463	0.459971415019537
812	0.5524685167148655	0.44753148328513453
813	0.477823533887212	0.5221764661127881
814	0.5448309825343631	0.4551690174656369
815	0.5168397908330674	0.48316020916693264
816	0.48851215512016544	0.5114878448798346
817	0.53793409386459	0.46206590613541
818	0.5251598177455735	0.4748401822544265
819	0.5517604574329759	0.4482395425670241
820	0.5030714810899769	0.4969285189100231
821	0.521103827184244	0.47889617281575614
822	0.5523972610642088	0.4476027389357912
823	0.5818385917708158	0.41816140822918424
824	0.5138639563960361	0.486136043603964
825	0.5232987497222037	0.47670125027779636
826	0.5076214407957689	0.4923785592042311
827	0.5155555400317848	0.48444445996821506
828	0.5377279830953767	0.46227201690462316
829	0.5539328017088752	0.44606719829112484
830	0.566790465327265	0.43320953467273493
831	0.5735820835041354	0.42641791649586475
832	0.5872185495834545	0.41278145041654557
833	0.59353371599963	0.40646628400037
834	0.5155978487165048	0.4844021512834953
835	0.5294667697281117	0.47053323027188826
836	0.5447368944950164	0.4552631055049836
837	0.5397546329136328	0.46024536708636715
838	0.5667988649960977	0.4332011350039022
839	0.5220192992627655	0.47798070073723453
840	0.5328188252518364	0.4671811747481635
841	0.5343985242578847	0.4656014757421153
842	0.5131942580649936	0.48680574193500653
843	0.5394445901703356	0.4605554098296644
844	0.5728444816007804	0.42715551839921967
845	0.5628246630408175	0.4371753369591824
846	0.5944190638277416	0.40558093617225843
847	0.5694514566214792	0.4305485433785207
848	0.5338380487141685	0.46616195128583154
849	0.5345782186390469	0.46542178136095314
850	0.5596820593919042	0.44031794060809587
851	0.5322336600577922	0.4677663399422078
852	0.5720152289594402	0.4279847710405597
853	0.5742217659404912	0.4257782340595087
854	0.5239595316469732	0.4760404683530269
855	0.594448674404267	0.40555132559573315
856	0.5215030495746742	0.4784969504253257
857	0.5519746623032347	0.4480253376967652
858	0.5024020284475922	0.49759797155240765
859	0.514343888522322	0.48565611147767795
860	0.5156957236076787	0.4843042763923213
861	0.5261270629377193	0.4738729370622807
862	0.544167311287245	0.455832688712755
863	0.5265162265009514	0.4734837734990485
864	0.5015812260386519	0.4984187739613481
865	0.5012582363094003	0.49874176369059986
866	0.5125421323854108	0.48745786761458926
867	0.510225334095905	0.48977466590409513
868	0.5123130121350483	0.4876869878649518
869	0.5423835020104357	0.4576164979895642
870	0.5446480481798388	0.4553519518201611
871	0.5773430812398423	0.42265691876015754
872	0.48926965809087053	0.5107303419091295
873	0.49062681696494453	0.5093731830350555
874	0.5496245492787045	0.45037545072129553
875	0.534319643356994	0.46568035664300594
876	0.5633652082986245	0.4366347917013756
877	0.5054123904249703	0.4945876095750296
878	0.5607727323331566	0.4392272676668434
879	0.5797637971192792	0.42023620288072083
880	0.49079209455280715	0.509207905447193
881	0.5191884515747207	0.48081154842527946
882	0.543843317416893	0.45615668258310715
883	0.5220755900856788	0.47792440991432117
884	0.5609691419887822	0.43903085801121783
885	0.5168632139450406	0.4831367860549593
886	0.5559253572061851	0.44407464279381487
887	0.5363711716406773	0.4636288283593227
888	0.5487174705934217	0.4512825294065785
889	0.5335794100867453	0.46642058991325475
890	0.5847334912008524	0.4152665087991476
891	0.5849616253653186	0.41503837463468146
892	0.5669663437316269	0.4330336562683731
893	0.5611138502324411	0.438886149767559
894	0.5586802257049168	0.4413197742950831
895	0.5511619719671546	0.4488380280328455
896	0.5086535337394542	0.49134646626054584
897	0.5102923076595007	0.4897076923404993
898	0.536554709647868	0.463445290352132
899	0.5468879246310581	0.45311207536894194
900	0.5246558119329032	0.4753441880670969
901	0.5858513262465082	0.41414867375349185
902	0.5122827513574225	0.4877172486425775
903	0.5501917208489024	0.44980827915109756
904	0.5004858575958171	0.4995141424041829
905	0.5085530977808852	0.49144690221911475
906	0.5092843655558362	0.4907156344441638
907	0.5274304549256162	0.47256954507438365
908	0.5269273209947707	0.4730726790052292
909	0.5446584778708278	0.45534152212917217
910	0.5487106242875973	0.4512893757124027
911	0.5628292211719049	0.43717077882809513
912	0.5168245875219171	0.4831754124780829
913	0.549105745653462	0.45089425434653807
914	0.5702463515306374	0.4297536484693626
915	0.5525616963239419	0.4474383036760581
916	0.5097704849271164	0.49022951507288365
917	0.5598386069096871	0.4401613930903129
918	0.4923565090305269	0.5076434909694731
919	0.4948794913963467	0.5051205086036534
920	0.5255005888705351	0.47449941112946487
921	0.5647632892558548	0.43523671074414516
922	0.5787660523043722	0.42123394769562783
923	0.6125294178370875	0.3874705821629125
924	0.6235990952825845	0.3764009047174155
925	0.47913587901021587	0.5208641209897842
926	0.5205951359968795	0.47940486400312055
927	0.5157287437791075	0.4842712562208925
928	0.5570639709227602	0.44293602907723995
929	0.571311629470161	0.42868837052983905
930	0.5566947362761093	0.4433052637238907
931	0.5387227200277604	0.46127727997223966
932	0.5730992283789814	0.4269007716210185
933	0.5214090332885206	0.4785909667114794
934	0.5925827263454455	0.4074172736545544
935	0.5589945330449304	0.44100546695506965
936	0.5217264412370679	0.47827355876293204
937	0.5392323680352892	0.4607676319647109
938	0.5429334266372806	0.4570665733627195
939	0.5336191601146217	0.4663808398853782
940	0.5702484131882883	0.42975158681171166
941	0.4935982593216994	0.5064017406783007
942	0.5656600244704715	0.43433997552952863
943	0.5187875031999473	0.4812124968000528
944	0.5112273638774365	0.4887726361225634
945	0.5069793193667934	0.4930206806332066
946	0.5594582401144289	0.44054175988557126
947	0.5149677200909102	0.48503227990908987
948	0.5410792589729632	0.4589207410270369
949	0.4978504182524214	0.5021495817475785
950	0.5616606081509943	0.4383393918490058
951	0.5689294081955558	0.4310705918044442
952	0.5517431630979736	0.4482568369020265
953	0.5227772922387982	0.4772227077612019
954	0.5728136685498997	0.4271863314501002
955	0.5130857811485164	0.4869142188514836
956	0.4960407678459305	0.5039592321540696
957	0.6168593187230844	0.3831406812769156
958	0.47864362754964107	0.521356372450359
959	0.60207201611795	0.39792798388205
960	0.5334335728616082	0.46656642713839175
961	0.5083298442919024	0.49167015570809763
962	0.5409658097055466	0.4590341902944533
963	0.5595578345904871	0.4404421654095128
964	0.5475252814931006	0.45247471850689946
965	0.547647335970812	0.452352664029188
966	0.5765429357455726	0.42345706425442753
967	0.573100068610242	0.42689993138975796
968	0.5040386368629712	0.4959613631370288
969	0.5817762522421065	0.4182237477578935
970	0.5830583422282356	0.4169416577717644
971	0.5843664171203748	0.41563358287962515
972	0.4632725422959855	0.5367274577040145
973	0.447119775546944	0.552880224453056
974	0.6042614508560405	0.39573854914395956
975	0.48007704609157426	0.5199229539084258
976	0.5038290773823954	0.4961709226176047
977	0.5784674662900393	0.42153253370996063
978	0.5312359389836183	0.4687640610163816
979	0.5671330001175032	0.43286699988249683
980	0.5631510744275209	0.43684892557247906
981	0.513518382791253	0.4864816172087471
982	0.5195684284893679	0.4804315715106321
983	0.5516379107788365	0.4483620892211634
984	0.5484924746117869	0.4515075253882131
985	0.5496857527461796	0.45031424725382035
986	0.5899209962080962	0.4100790037919037
987	0.5369869888125307	0.46301301118746924
988	0.5518239043990062	0.4481760956009938
989	0.569617706231053	0.430382293768947
990	0.44862658133652644	0.5513734186634736
991	0.48431845932401574	0.5156815406759842
992	0.5771341978065377	0.42286580219346226
993	0.5748892530491917	0.42511074695080836
994	0.5570625780633146	0.4429374219366855
995	0.566522180546522	0.43347781945347785
996	0.5098401444819809	0.4901598555180191
997	0.551988171721741	0.44801182827825914
998	0.5348607931388029	0.4651392068611971
999	0.5441707333828911	0.45582926661710876
1000	0.5258457459200956	0.4741542540799045
1001	0.4852891044761148	0.5147108955238852
1002	0.5590995206721715	0.4409004793278285
1003	0.5364469429949582	0.46355305700504174
1004	0.5434607108483633	0.45653928915163655
1005	0.5843015515146927	0.4156984484853074
1006	0.5129155973760038	0.4870844026239963
1007	0.5966957966798137	0.40330420332018646
1008	0.6099716123530895	0.39002838764691045
1009	0.4552455272503399	0.54475447274966
1010	0.5184721203801311	0.48152787961986887
1011	0.543972660278225	0.45602733972177495
1012	0.5723783873778833	0.42762161262211673
1013	0.5411782084199762	0.4588217915800237
1014	0.5493164879875918	0.4506835120124081
1015	0.5343105872711708	0.46568941272882924
1016	0.5574640086733478	0.4425359913266521
1017	0.5696266272304955	0.43037337276950455
1018	0.5953329471138297	0.4046670528861704
1019	0.5307159802312004	0.46928401976879974
1020	0.5428054756031628	0.4571945243968371
1021	0.5183739281460253	0.4816260718539747
1022	0.5098305297990502	0.4901694702009499
1023	0.5601110226639742	0.4398889773360258
1024	0.5307367666364559	0.4692632333635442
1025	0.5608809778302865	0.4391190221697136
1026	0.5291323476860962	0.47086765231390393
1027	0.5449796859874967	0.45502031401250326
1028	0.5525204063854352	0.44747959361456485
1029	0.5309801751581715	0.4690198248418285
1030	0.5255840423065175	0.4744159576934825
1031	0.5267820070778425	0.47321799292215744
1032	0.5341231613683302	0.46587683863166984
1033	0.502440371668082	0.49755962833191797
1034	0.48166239554379925	0.5183376044562008
1035	0.5164831399782519	0.4835168600217481
1036	0.4912044551171833	0.5087955448828168
1037	0.5966131176135342	0.40338688238646586
1038	0.6101422847529002	0.3898577152470997
1039	0.4923245973687718	0.5076754026312281
1040	0.5778720411533721	0.42212795884662785
1041	0.5033418362372791	0.4966581637627207
1042	0.5791694684867964	0.4208305315132036
1043	0.5525793546347921	0.44742064536520776
1044	0.567334971471205	0.43266502852879496
1045	0.5886862611634444	0.4113137388365555
1046	0.5881755274909365	0.41182447250906334
1047	0.5680784604535666	0.43192153954643353
1048	0.49970576705294095	0.500294232947059
1049	0.5797021793140985	0.4202978206859015
1050	0.5929864122207921	0.4070135877792078
1051	0.4814068800791957	0.5185931199208044
1052	0.5907111271773035	0.40928887282269655
1053	0.528592643429593	0.47140735657040694
1054	0.5764899306595359	0.423510069340464
1055	0.5824268396850195	0.41757316031498043
1056	0.5005123388258644	0.4994876611741355
1057	0.6066030028013676	0.39339699719863247
1058	0.49320628315641907	0.5067937168435808
1059	0.5490851666798425	0.45091483332015736
1060	0.5349733167061289	0.465026683293871
1061	0.5528112128707328	0.44718878712926735
1062	0.5017030522150682	0.49829694778493183
1063	0.6185565278516236	0.3814434721483765
1064	0.5819706451052467	0.4180293548947533
1065	0.5441531487296067	0.45584685127039326
1066	0.5643159175995112	0.435684082400489
1067	0.5521850770122865	0.4478149229877134
1068	0.5389603184499336	0.46103968155006625
1069	0.5345175927524765	0.4654824072475235
1070	0.5517140036994592	0.4482859963005408
1071	0.5374919920857334	0.4625080079142666
1072	0.5487091066512848	0.4512908933487152
1073	0.565421819261092	0.434578180738908
1074	0.5189807823281035	0.4810192176718965
1075	0.5278639857880079	0.47213601421199214
1076	0.5748019238815626	0.4251980761184375
1077	0.5107083790348698	0.4892916209651303
1078	0.4963714431641726	0.5036285568358273
1079	0.5651998689445968	0.4348001310554031
1080	0.49256859687010557	0.5074314031298944
1081	0.48230652199427365	0.5176934780057264
1082	0.4577363694154196	0.5422636305845805
1083	0.5715167717910828	0.42848322820891704
1084	0.5008082253862246	0.4991917746137754
1085	0.5392705564081637	0.46072944359183643
1086	0.5336024428129955	0.4663975571870045
1087	0.525929115426489	0.4740708845735109
1088	0.5353605567407475	0.46463944325925255
1089	0.5098041804651688	0.4901958195348313
1090	0.5303595730522088	0.4696404269477913
1091	0.5201479928999782	0.47985200710002196
1092	0.5625153007252236	0.4374846992747765
1093	0.565719374381226	0.4342806256187741
1094	0.5796716015300136	0.4203283984699865
1095	0.5262529857642537	0.4737470142357462
1096	0.5161179969907769	0.4838820030092231
1097	0.5779709502798926	0.42202904972010746
1098	0.5544263912445092	0.44557360875549085
1099	0.5616035455716576	0.43839645442834235
1100	0.5179836973239984	0.48201630267600154
1101	0.5527167096406885	0.44728329035931164
1102	0.5571435203166042	0.44285647968339586
1103	0.5751051455127657	0.4248948544872343
1104	0.515633849373083	0.48436615062691696
1105	0.547916967403077	0.452083032596923
1106	0.537698699319021	0.46230130068097897
1107	0.5175805235817426	0.4824194764182575
1108	0.5273094218420694	0.4726905781579306
1109	0.5340976182504843	0.46590238174951576
1110	0.5475422603868575	0.4524577396131425
1111	0.5689801251060828	0.4310198748939173
1112	0.5761300201873021	0.42386997981269786
1113	0.5578658280075948	0.44213417199240523
1114	0.5343038280421664	0.46569617195783364
1115	0.5211430877558549	0.478856912244145
1116	0.5182534423866244	0.4817465576133756
1117	0.49297040941262976	0.5070295905873702
1118	0.5634891639193698	0.4365108360806302
1119	0.5813219769430624	0.4186780230569376
1120	0.5091921606955954	0.49080783930440464
1121	0.5891238810551893	0.4108761189448108
1122	0.6044240537837404	0.3955759462162595
1123	0.5193444045851511	0.4806555954148488
1124	0.5212418203963556	0.4787581796036445
1125	0.5548966328032333	0.4451033671967665
1126	0.5021997258367074	0.49780027416329276
1127	0.5128414071826656	0.48715859281733437
1128	0.4931840581414967	0.5068159418585034
1129	0.49884491078554277	0.5011550892144573
1130	0.4960982164871465	0.5039017835128534
1131	0.5702627434567512	0.42973725654324874
1132	0.5634250005242316	0.43657499947576833
1133	0.5486658891300764	0.4513341108699237
1134	0.5422006400675021	0.45779935993249793
1135	0.531877376150638	0.46812262384936193
1136	0.5531205808901899	0.4468794191098101
1137	0.538196002693613	0.461803997306387
1138	0.5764629574176086	0.4235370425823915
1139	0.5524295139919391	0.4475704860080609
1140	0.5713895686225087	0.42861043137749144
1141	0.5089362243999046	0.49106377560009545
1142	0.5396003952103905	0.4603996047896096
1143	0.5313314345261693	0.4686685654738306
1144	0.5186168010330269	0.4813831989669732
1145	0.5466785064014928	0.45332149359850726
1146	0.5430089988380278	0.45699100116197233
1147	0.5397329233122903	0.46026707668770983
1148	0.5158784952690398	0.4841215047309602
1149	0.5453726642007497	0.45462733579925035
1150	0.5409714598011254	0.4590285401988747
1151	0.5604112160337282	0.43958878396627177
1152	0.5210330461641555	0.47896695383584453
1153	0.5650882226490346	0.4349117773509653
1154	0.5399601122449804	0.46003988775501964
1155	0.55213290287078	0.4478670971292199
1156	0.5255213984541692	0.4744786015458308
1157	0.5905486290392896	0.4094513709607105
1158	0.4824289463248406	0.5175710536751592
1159	0.4679483145158956	0.5320516854841045
1160	0.47897431644743726	0.5210256835525626
1161	0.6041705034920958	0.3958294965079043
1162	0.5140575641244581	0.48594243587554187
1163	0.5130846925054856	0.48691530749451445
1164	0.570050699513422	0.429949300486578
1165	0.529814904294105	0.47018509570589484
1166	0.5407864979624111	0.45921350203758887
1167	0.5312416432621248	0.4687583567378753
1168	0.5306065824569927	0.46939341754300734
1169	0.5536113377243846	0.4463886622756153
1170	0.5419618632662164	0.4580381367337837
1171	0.5337970443965724	0.4662029556034275
1172	0.5406546766381453	0.4593453233618547
1173	0.5657503229574166	0.4342496770425834
1174	0.4757491490701629	0.5242508509298371
1175	0.5736017288471658	0.42639827115283413
1176	0.5675907118885586	0.43240928811144136
1177	0.5671845934120865	0.43281540658791345
1178	0.5891760707055375	0.41082392929446254
1179	0.5712331153262323	0.4287668846737675
1180	0.523975036324812	0.4760249636751879
1181	0.5482021050617587	0.45179789493824124
1182	0.5353926273709058	0.46460737262909413
1183	0.5504368002548022	0.4495631997451977
1184	0.4942748813337304	0.5057251186662697
1185	0.5958944354420753	0.4041055645579246
1186	0.5839145682265628	0.41608543177343726
1187	0.4922889066539894	0.5077110933460105
1188	0.4988523014977204	0.5011476985022796
1189	0.5704972586259717	0.4295027413740283
1190	0.5484625999035114	0.4515374000964886
1191	0.5104157588464825	0.4895842411535175
1192	0.5403323184954395	0.45966768150456055
1193	0.6142223197350929	0.385777680264907
1194	0.5548570270372376	0.4451429729627623
1195	0.5034422975726343	0.49655770242736585
1196	0.5538035276457053	0.44619647235429477
1197	0.5603793591146713	0.43962064088532854
1198	0.5768851742858163	0.4231148257141837
1199	0.5029458634570316	0.49705413654296837
1200	0.5180658188828179	0.4819341811171821
1201	0.5156598391599166	0.4843401608400834
1202	0.5291847663119313	0.4708152336880686
1203	0.5206058413181296	0.47939415868187035
1204	0.5070735612091556	0.49292643879084436
1205	0.5400115010652293	0.4599884989347707
1206	0.5416075937469704	0.4583924062530296
1207	0.5602007893185589	0.4397992106814412
1208	0.5450262355200265	0.4549737644799734
1209	0.516589481312592	0.48341051868740803
1210	0.5711819963380816	0.42881800366191836
1211	0.5044315537073057	0.4955684462926941
1212	0.5554283676646571	0.4445716323353429
1213	0.5199104393919974	0.4800895606080025
1214	0.5317798544131449	0.46822014558685515
1215	0.5192315389946193	0.4807684610053807
1216	0.5323672387720388	0.46763276122796116
1217	0.5497393352903864	0.4502606647096134
1218	0.516767611456113	0.48323238854388706
1219	0.5253279413685024	0.4746720586314977
1220	0.4893999665204766	0.5106000334795233
1221	0.4996026792514804	0.5003973207485195
1222	0.554489003106271	0.4455109968937288
1223	0.539175879731649	0.460824120268351
1224	0.5697352535256033	0.4302647464743968
1225	0.5190805807981439	0.4809194192018562
1226	0.5775975306790547	0.4224024693209453
1227	0.5171234643159899	0.4828765356840101
1228	0.529014977489525	0.4709850225104751
1229	0.4903930311282305	0.5096069688717694
1230	0.5512772902739325	0.4487227097260676
1231	0.5186310661885616	0.48136893381143836
1232	0.5547386695241414	0.44526133047585853
1233	0.5498026254614525	0.45019737453854747
1234	0.5282795795718119	0.4717204204281881
1235	0.5468548675561992	0.45314513244380095
1236	0.5321504607397498	0.4678495392602502
1237	0.5625557414062857	0.43744425859371416
1238	0.5942340252562047	0.4057659747437953
1239	0.5410384824200697	0.4589615175799303
1240	0.4991103748493239	0.5008896251506761
1241	0.5498635489977052	0.45013645100229477
1242	0.5292138483474464	0.4707861516525536
1243	0.551631588097962	0.4483684119020381
1244	0.4988738492346816	0.5011261507653183
1245	0.618827171747098	0.38117282825290194
1246	0.5671818767458976	0.4328181232541025
1247	0.5416842079144976	0.4583157920855024
1248	0.5228024002155433	0.4771975997844568
1249	0.6003730470078669	0.39962695299213313
1250	0.5872948876712538	0.412705112328746
1251	0.5092008547085105	0.4907991452914895
1252	0.5986242770792105	0.4013757229207894
1253	0.5114080562104439	0.4885919437895561
1254	0.500739733893083	0.49926026610691704
1255	0.500635844122884	0.49936415587711597
1256	0.5733109113492852	0.42668908865071487
1257	0.5061376266007307	0.4938623733992693
1258	0.5289221763871593	0.4710778236128407
1259	0.524698844993389	0.4753011550066109
1260	0.5452301217313318	0.45476987826866816
1261	0.5251376822992732	0.4748623177007268
1262	0.5165741351265092	0.4834258648734909
1263	0.5243835855722592	0.4756164144277409
1264	0.5349287233701469	0.4650712766298531
1265	0.5684699448311779	0.4315300551688221
1266	0.6029767008045841	0.3970232991954159
1267	0.582640150814634	0.4173598491853659
1268	0.5313703987161345	0.46862960128386544
1269	0.5748933162320307	0.4251066837679692
1270	0.5486722657343494	0.45132773426565054
1271	0.5074068964793335	0.49259310352066665
1272	0.5694752621810192	0.4305247378189809
1273	0.5237203302275688	0.47627966977243125
1274	0.6034831703560902	0.3965168296439098
1275	0.6026024414013729	0.3973975585986271
1276	0.5909295018524197	0.4090704981475805
1277	0.5631844554281833	0.43681554457181665
1278	0.5322475981612116	0.4677524018387884
1279	0.5501952964667631	0.4498047035332368
1280	0.5579737420099818	0.4420262579900182
1281	0.5289351271632083	0.4710648728367917
1282	0.5808203663875621	0.41917963361243793
1283	0.5415337466032818	0.45846625339671815
1284	0.5523220451799008	0.44767795482009926
1285	0.5491406829169354	0.45085931708306465
1286	0.531161525443487	0.46883847455651284
1287	0.558603841872123	0.44139615812787697
1288	0.5257034283327982	0.4742965716672019
1289	0.5794276526410971	0.420572347358903
1290	0.5118766695999336	0.4881233304000665
1291	0.5279829076420797	0.4720170923579203
1292	0.5313316289324993	0.4686683710675008
1293	0.5410131224106798	0.4589868775893201
1294	0.5475915522595534	0.4524084477404467
1295	0.5839685250046401	0.41603147499536
1296	0.5021038821564595	0.49789611784354043
1297	0.572262965660741	0.427737034339259
1298	0.597319022876145	0.402680977123855
1299	0.5712297656534976	0.4287702343465025
1300	0.5067941356900396	0.4932058643099603
1301	0.47569434673083044	0.5243056532691696
1302	0.599551887191528	0.4004481128084719
1303	0.5314372524381518	0.46856274756184835
1304	0.5435972840993356	0.4564027159006642
1305	0.5504648655451634	0.44953513445483667
1306	0.5439282063107765	0.4560717936892234
1307	0.5727168287813867	0.4272831712186133
1308	0.5367144036339444	0.46328559636605554
1309	0.5455518790843926	0.4544481209156073
1310	0.4930636422942031	0.5069363577057969
1311	0.5992077440270072	0.40079225597299284
1312	0.49095688144166894	0.5090431185583312
1313	0.5083149992122171	0.49168500078778293
1314	0.5305219917054586	0.4694780082945413
1315	0.5291846691309985	0.47081533086900146
1316	0.5461676414220819	0.4538323585779182
1317	0.5363791255254305	0.4636208744745694
1318	0.4858808754838845	0.5141191245161156
1319	0.5158726909361482	0.4841273090638519
1320	0.5406628677783544	0.4593371322216457
1321	0.5381412411129987	0.46185875888700134
1322	0.5715042045844118	0.4284957954155883
1323	0.48954384033557186	0.510456159664428
1324	0.5596617760745244	0.4403382239254757
1325	0.5138573043575814	0.4861426956424186
1326	0.5541963741972542	0.4458036258027457
1327	0.5550516474568388	0.44494835254316123
1328	0.5309541682312318	0.4690458317687683
1329	0.5226547898184761	0.4773452101815239
1330	0.5197790679258465	0.48022093207415345
1331	0.5588280912927964	0.4411719087072035
1332	0.5131964591780296	0.48680354082197047
1333	0.5156227712046229	0.48437722879537715
1334	0.5209640136237335	0.4790359863762665
1335	0.5191975808920217	0.4808024191079783
1336	0.5374752152142359	0.46252478478576414
1337	0.5532906955785919	0.446709304421408
1338	0.5161337132722364	0.4838662867277635
1339	0.5876834309579689	0.41231656904203107
1340	0.6342656927486348	0.3657343072513653
1341	0.4767470032741794	0.5232529967258205
1342	0.45222927082653946	0.5477707291734605
1343	0.5908477615104215	0.40915223848957843
1344	0.5818522862649245	0.4181477137350755
1345	0.5540685023786258	0.4459314976213742
1346	0.5365770662996775	0.46342293370032245
1347	0.5929464550584272	0.4070535449415729
1348	0.5664241953580578	0.43357580464194223
1349	0.5503093722606004	0.4496906277393996
1350	0.524292775824717	0.4757072241752829
1351	0.529329652222262	0.47067034777773786
1352	0.5185801131183826	0.4814198868816174
1353	0.5474889100767364	0.45251108992326367
1354	0.5661918248134558	0.4338081751865442
1355	0.5343647420018407	0.4656352579981592
1356	0.5575715918808463	0.4424284081191536
1357	0.5340824468530382	0.4659175531469617
1358	0.5249882230783068	0.47501177692169333
1359	0.5294534430010776	0.4705465569989224
1360	0.587214802428617	0.41278519757138293
1361	0.6081581315819813	0.3918418684180187
1362	0.5638598397360941	0.4361401602639058
1363	0.553909496200111	0.4460905037998892
1364	0.5678917702100222	0.43210822978997776
1365	0.5609574143514799	0.43904258564852006
1366	0.5957387952334002	0.4042612047665998
1367	0.489117493577485	0.510882506422515
1368	0.5380311718273637	0.46196882817263624
1369	0.5235322263096681	0.476467773690332
1370	0.5192089280828165	0.4807910719171835
1371	0.5292356151103169	0.4707643848896832
1372	0.5139991302283752	0.48600086977162477
1373	0.55827302483088	0.4417269751691199
1374	0.5094357770939156	0.4905642229060844
1375	0.5654047698983665	0.43459523010163337
1376	0.5094733669132798	0.49052663308672023
1377	0.5504763038528345	0.4495236961471655
1378	0.5550137024502095	0.4449862975497905
1379	0.5306056121725019	0.46939438782749815
1380	0.4964326937849327	0.5035673062150673
1381	0.5755602667512285	0.42443973324877143
1382	0.5183678233086388	0.48163217669136127
1383	0.5731741777502989	0.4268258222497011
1384	0.5033341974190771	0.49666580258092285
1385	0.49623087083769	0.50376912916231
1386	0.5585455081766728	0.4414544918233273
1387	0.5532895144934807	0.4467104855065194
1388	0.544723472521355	0.45527652747864494
1389	0.5268091612990382	0.4731908387009618
1390	0.50906227471356	0.49093772528644003
1391	0.5579767359014839	0.44202326409851617
1392	0.5335281702400608	0.46647182975993917
1393	0.5438150231438927	0.4561849768561073
1394	0.5549652475161115	0.4450347524838885
1395	0.5083962323519347	0.49160376764806535
1396	0.5265557328131087	0.47344426718689125
1397	0.5423178387320073	0.4576821612679926
1398	0.5424384221230126	0.45756157787698726
1399	0.5718399204620297	0.42816007953797036
1400	0.5711567354308391	0.4288432645691609
1401	0.5076314638068408	0.4923685361931594
1402	0.5292675545958955	0.47073244540410436
1403	0.5284314002842349	0.47156859971576504
1404	0.580689141700451	0.419310858299549
1405	0.49701105534952367	0.5029889446504763
1406	0.5823319588057525	0.41766804119424744
1407	0.5015656819015893	0.49843431809841077
1408	0.5747182119882767	0.4252817880117233
1409	0.5238612427329458	0.4761387572670543
1410	0.5163252225998842	0.4836747774001158
1411	0.5199441318790243	0.48005586812097556
1412	0.5368890535924702	0.46311094640752976
1413	0.5459203604367419	0.4540796395632581
1414	0.49163694217431264	0.5083630578256875
1415	0.5782558398564099	0.42174416014359
1416	0.5324980516240406	0.4675019483759593
1417	0.5503027617888577	0.44969723821114227
1418	0.5475477081175741	0.4524522918824259
1419	0.5451882877574935	0.4548117122425065
1420	0.5466204291132195	0.45337957088678044
1421	0.5638826217147546	0.43611737828524527
1422	0.5490619180502363	0.4509380819497637
1423	0.5241473125137018	0.4758526874862982
1424	0.5159007168285134	0.48409928317148654
1425	0.554953118901883	0.4450468810981171
1426	0.5051128616980755	0.4948871383019246
1427	0.5468504734053113	0.45314952659468877
1428	0.5418439914278976	0.4581560085721023
1429	0.5556062378789178	0.44439376212108217
1430	0.560527150280658	0.439472849719342
1431	0.5588227176332032	0.44117728236679665
1432	0.5481498648111687	0.4518501351888313
1433	0.5279220317763488	0.4720779682236512
1434	0.519468605135583	0.48053139486441704
1435	0.540503198602096	0.45949680139790405
1436	0.5467207986700185	0.4532792013299814
1437	0.5383928483677539	0.4616071516322461
1438	0.5455089253300788	0.4544910746699212
1439	0.5954458927777263	0.4045541072222736
1440	0.5187188309972787	0.4812811690027212
1441	0.5182384452832156	0.48176155471678433
1442	0.5066532806083356	0.4933467193916645
1443	0.5305619709866534	0.46943802901334664
1444	0.541421660201726	0.4585783397982739
1445	0.5490169459608475	0.45098305403915256
1446	0.4976077545770093	0.5023922454229907
1447	0.5559203518989381	0.44407964810106193
1448	0.5025394073878641	0.4974605926121359
1449	0.5422579259982461	0.4577420740017538
1450	0.5415742237700438	0.4584257762299562
1451	0.508388456750546	0.49161154324945394
1452	0.5245991978927045	0.4754008021072955
1453	0.5284771510517527	0.4715228489482472
1454	0.5452506658485358	0.45474933415146407
1455	0.5521126808481606	0.4478873191518395
1456	0.5198595678527945	0.48014043214720553
1457	0.5103804044356824	0.48961959556431767
1458	0.5141308635382225	0.4858691364617775
1459	0.5655210447561695	0.43447895524383057
1460	0.5262936452294503	0.47370635477054973
1461	0.4945353196105568	0.5054646803894431
1462	0.5560722455561908	0.44392775444380916
1463	0.5702418762604275	0.4297581237395724
1464	0.5647027099525872	0.43529729004741274
1465	0.5232621077173372	0.47673789228266267
1466	0.5051789767157651	0.4948210232842351
1467	0.5389190840844205	0.46108091591557954
1468	0.5397553056525611	0.460244694347439
1469	0.543269536042571	0.4567304639574291
1470	0.5784664286005651	0.42153357139943487
1471	0.569929809733633	0.43007019026636706
1472	0.4812509668012668	0.5187490331987332
1473	0.5835621498634745	0.4164378501365255
1474	0.5130096504243586	0.4869903495756415
1475	0.49552369293914666	0.5044763070608532
1476	0.5608276575202965	0.43917234247970355
1477	0.569966099252402	0.4300339007475978
1478	0.5250759091497803	0.4749240908502197
1479	0.5287410085651222	0.4712589914348778
1480	0.5383450525043848	0.46165494749561514
1481	0.535212793048167	0.464787206951833
1482	0.513713210204044	0.48628678979595596
1483	0.5072333963722827	0.4927666036277174
1484	0.5683923786054068	0.4316076213945932
1485	0.5157485212196976	0.48425147878030245
1486	0.5454397664784881	0.4545602335215118
1487	0.5158985530526512	0.48410144694734886
1488	0.5374695754074043	0.4625304245925957
1489	0.5689399718676482	0.43106002813235184
1490	0.5865429062624917	0.41345709373750816
1491	0.48350865292953327	0.5164913470704668
1492	0.5928141308525023	0.40718586914749766
1493	0.5074744215310605	0.4925255784689395
1494	0.5468681519617634	0.4531318480382367
1495	0.5328562362980396	0.46714376370196037
1496	0.5575130446993433	0.44248695530065674
1497	0.5426079306648028	0.45739206933519727
1498	0.5783545271939453	0.4216454728060546
1499	0.5425557897306553	0.45744421026934473
1500	0.563295146775627	0.436704853224373
1501	0.5259132645080941	0.474086735491906
1502	0.5496904546593898	0.45030954534061013
1503	0.5083876319171192	0.4916123680828808
1504	0.5305326367611318	0.46946736323886823
1505	0.5543364271133594	0.4456635728866405
1506	0.5418800237610875	0.4581199762389126
1507	0.5411972770367014	0.4588027229632986
1508	0.549242563328795	0.45075743667120494
1509	0.5518228874510774	0.44817711254892256
1510	0.5307104949192388	0.46928950508076117
1511	0.5992047398570175	0.4007952601429825
1512	0.6034423201713522	0.3965576798286479
1513	0.5709765821661783	0.4290234178338218
1514	0.5264532430598907	0.4735467569401091
1515	0.5487086025736438	0.45129139742635616
1516	0.5377016459166587	0.46229835408334125
1517	0.5503472114646956	0.44965278853530444
1518	0.5437610907718105	0.45623890922818955
1519	0.5074093396233222	0.49259066037667787
1520	0.5736703289564384	0.42632967104356145
1521	0.5627166673564679	0.4372833326435322
1522	0.5585260329408445	0.4414739670591555
1523	0.5362374719163762	0.46376252808362384
1524	0.5754843513574229	0.4245156486425771
1525	0.5302700620155503	0.4697299379844498
1526	0.5455590255302488	0.454440974469751
1527	0.5446270432829864	0.45537295671701367
1528	0.508657035262245	0.49134296473775485
1529	0.5752188370238487	0.4247811629761513
1530	0.5680473444530344	0.4319526555469656
1531	0.526632011027569	0.47336798897243104
1532	0.5468962617123576	0.45310373828764244
1533	0.5903603646714135	0.4096396353285865
1534	0.5732785829788906	0.4267214170211095
1535	0.5193241772660645	0.48067582273393555
1536	0.5927385052186738	0.4072614947813263
1537	0.5236543199084798	0.4763456800915203
1538	0.5568037990257407	0.44319620097425916
1539	0.5413407697440341	0.4586592302559658
1540	0.5746009684661236	0.42539903153387637
1541	0.5034716641425729	0.49652833585742717
1542	0.587363181036181	0.4126368189638188
1543	0.48852586869458003	0.51147413130542
1544	0.4937610290193466	0.5062389709806533
1545	0.47550841532998095	0.524491584670019
1546	0.6000982214519056	0.3999017785480942
1547	0.5225996874709291	0.4774003125290709
1548	0.536919694856083	0.463080305143917
1549	0.5575692080400513	0.4424307919599489
1550	0.5184150096579564	0.48158499034204366
1551	0.5533058408219177	0.4466941591780823
1552	0.5544314929920527	0.44556850700794726
1553	0.5665160818324724	0.4334839181675276
1554	0.5321340252838079	0.467865974716192
1555	0.536863332732373	0.4631366672676269
1556	0.5045648532652101	0.49543514673478994
1557	0.46609076308130926	0.5339092369186907
1558	0.5210627328949499	0.47893726710505014
1559	0.5466242675530685	0.4533757324469315
1560	0.5793674468680705	0.4206325531319295
1561	0.581895391269014	0.41810460873098604
1562	0.5117035395990024	0.48829646040099756
1563	0.59526402871658	0.4047359712834199
1564	0.5287842416681902	0.47121575833180984
1565	0.5124083783994974	0.4875916216005028
1566	0.5492997312532767	0.45070026874672336
1567	0.5534942917174434	0.44650570828255665
1568	0.5291242061955946	0.4708757938044053
1569	0.5491692154898467	0.4508307845101533
1570	0.5395525911773055	0.46044740882269447
1571	0.5283450050978961	0.47165499490210405
1572	0.49285998210272464	0.5071400178972755
1573	0.49876805809944696	0.501231941900553
1574	0.5329260419528543	0.46707395804714574
1575	0.5426411337454036	0.4573588662545964
1576	0.5342787541417257	0.4657212458582743
1577	0.541428595122236	0.4585714048777641
1578	0.5818823078694497	0.4181176921305503
1579	0.5553742899516628	0.44462571004833734
1580	0.5599701963421989	0.4400298036578011
1581	0.5435124898433714	0.4564875101566287
1582	0.5516287537075464	0.44837124629245373
1583	0.5561157777584402	0.44388422224155977
1584	0.5425857415239407	0.45741425847605943
1585	0.5507334812254254	0.44926651877457463
1586	0.5627333700947887	0.4372666299052113
1587	0.5594144684737854	0.44058553152621455
1588	0.5642585352426653	0.4357414647573346
1589	0.57803828940625	0.4219617105937499
1590	0.5557445130410297	0.4442554869589703
1591	0.5273877194710506	0.4726122805289495
1592	0.5335894226936254	0.4664105773063746
1593	0.5634666782023642	0.4365333217976357
1594	0.5288703596945351	0.47112964030546495
1595	0.5554318989358517	0.44456810106414824
1596	0.5196511254909353	0.48034887450906477
1597	0.5307612358037109	0.4692387641962892
1598	0.502596696559584	0.4974033034404159
1599	0.5703933513824214	0.4296066486175785
1600	0.5098724918775824	0.49012750812241757
1601	0.5780487463124682	0.4219512536875317
1602	0.5785498758327918	0.4214501241672082
1603	0.5297394605385479	0.47026053946145197
1604	0.5731876265155869	0.4268123734844131
1605	0.5417667566254781	0.45823324337452187
1606	0.5003392401195292	0.49966075988047076
1607	0.5633032147071112	0.4366967852928887
1608	0.5141741887935993	0.48582581120640056
1609	0.5615784225866665	0.43842157741333354
1610	0.5537167699319315	0.44628323006806847
1611	0.5247802910512646	0.4752197089487354
1612	0.5627596384395375	0.4372403615604627
1613	0.5030622076950564	0.4969377923049436
1614	0.5561801048981727	0.4438198951018273
1615	0.5074583504798833	0.4925416495201167
1616	0.5113161243370866	0.4886838756629133
1617	0.5296636894184696	0.47033631058153047
1618	0.5218922820267216	0.47810771797327845
1619	0.5568747889790957	0.44312521102090424
1620	0.5914760863689743	0.40852391363102564
1621	0.5729801545409227	0.42701984545907734
1622	0.5340465898413927	0.46595341015860725
1623	0.5742096684398066	0.4257903315601934
1624	0.5862489976989919	0.4137510023010081
1625	0.5809554749717811	0.41904452502821904
1626	0.5229724035281937	0.47702759647180637
1627	0.5139009629972164	0.4860990370027836
1628	0.5764480248619733	0.42355197513802656
1629	0.5504755767196796	0.44952442328032044
1630	0.5552968958293705	0.4447031041706294
1631	0.5277158517819376	0.4722841482180624
1632	0.5536660232476356	0.44633397675236436
1633	0.5450914611797852	0.4549085388202147
1634	0.5337438177103505	0.46625618228964943
1635	0.5344625438583893	0.4655374561416107
1636	0.534263752511324	0.46573624748867604
1637	0.5464431733140093	0.4535568266859908
1638	0.5330470636581446	0.4669529363418553
1639	0.5346553085920152	0.46534469140798473
1640	0.5073865376490232	0.4926134623509768
1641	0.5788066976011962	0.4211933023988038
1642	0.5740211198255937	0.4259788801744062
1643	0.5510914755758282	0.4489085244241719
1644	0.5216085491503698	0.47839145084963025
1645	0.5330034720827027	0.46699652791729734
1646	0.5341955692666496	0.46580443073335054
1647	0.4963051186073681	0.5036948813926317
1648	0.5319433231642348	0.4680566768357653
1649	0.5364187875387673	0.46358121246123274
1650	0.5341337808346988	0.4658662191653012
1651	0.5619410263687982	0.4380589736312019
1652	0.5520425834658658	0.4479574165341344
1653	0.5263174297535715	0.47368257024642857
1654	0.5454550171684188	0.454544982831581
1655	0.5021926073351614	0.4978073926648385
1656	0.49231615272546553	0.5076838472745344
1657	0.5703104144975611	0.4296895855024389
1658	0.5620505463934429	0.4379494536065572
1659	0.5581140639329003	0.44188593606709964
1660	0.5022176848565784	0.49778231514342164
1661	0.5767460369653808	0.4232539630346192
1662	0.552611514735891	0.4473884852641091
1663	0.5610888519867003	0.4389111480132996
1664	0.5670503364792672	0.4329496635207329
1665	0.5439397044386299	0.4560602955613702
1666	0.48523642465371486	0.5147635753462851
1667	0.5889902218147767	0.41100977818522333
1668	0.499602515725548	0.5003974842744521
1669	0.49321051198820964	0.5067894880117902
1670	0.5287786154657385	0.4712213845342615
1671	0.553588509287473	0.446411490712527
1672	0.5232269109489379	0.47677308905106214
1673	0.5339099992660233	0.4660900007339766
1674	0.5162505504460241	0.483749449553976
1675	0.5312307095043594	0.4687692904956406
1676	0.5200466147840926	0.4799533852159074
1677	0.5377999236037997	0.46220007639620037
1678	0.5213549121720997	0.47864508782790033
1679	0.4694645875456436	0.5305354124543565
1680	0.568824046172031	0.43117595382796897
1681	0.5201706378236345	0.47982936217636546
1682	0.5639890089024255	0.4360109910975745
1683	0.4911227037942233	0.5088772962057766
1684	0.529539656820642	0.470460343179358
1685	0.5227104225995248	0.4772895774004752
1686	0.5358832635995464	0.4641167364004536
1687	0.548552912669268	0.45144708733073197
1688	0.5164079998928712	0.4835920001071288
1689	0.5462024143745877	0.45379758562541234
1690	0.5436995327833418	0.4563004672166581
1691	0.5149913980548367	0.48500860194516315
1692	0.555615710579409	0.44438428942059105
1693	0.5230788144040095	0.4769211855959906
1694	0.5235206991709881	0.4764793008290119
1695	0.4983282089056429	0.501671791094357
1696	0.5103767143657569	0.4896232856342429
1697	0.511571582144394	0.48842841785560587
1698	0.5166860155669503	0.48331398443304974
1699	0.5843802110963194	0.4156197889036806
1700	0.564245494024081	0.4357545059759191
1701	0.5445379780224369	0.45546202197756325
1702	0.5687375060388276	0.43126249396117255
1703	0.5590833650053898	0.4409166349946102
1704	0.52628637729685	0.4737136227031498
1705	0.5710383975895049	0.428961602410495
1706	0.5056304306679125	0.4943695693320876
1707	0.5492190673919547	0.45078093260804525
1708	0.506475977123947	0.4935240228760531
1709	0.574372199168996	0.42562780083100393
1710	0.5129310067332449	0.487068993266755
1711	0.5358222850806418	0.4641777149193582
1712	0.5302321282733192	0.4697678717266807
1713	0.5256551826136412	0.47434481738635875
1714	0.5353101503230814	0.4646898496769186
1715	0.5445862519203952	0.4554137480796048
1716	0.5446502461841267	0.45534975381587345
1717	0.5336042232294409	0.4663957767705591
1718	0.5370707098653614	0.4629292901346387
1719	0.47889464079671085	0.5211053592032892
1720	0.5174409793628013	0.4825590206371986
1721	0.5238526868080703	0.47614731319192977
1722	0.5291761698214821	0.4708238301785179
1723	0.544843536612651	0.45515646338734894
1724	0.5096395887188786	0.4903604112811214
1725	0.511207331189402	0.48879266881059796
1726	0.5349333198570769	0.4650666801429231
1727	0.5738980965340517	0.4261019034659484
1728	0.5082178637601362	0.4917821362398637
1729	0.5531417703848625	0.4468582296151375
1730	0.5257632212358153	0.47423677876418463
1731	0.5448623143235318	0.45513768567646806
1732	0.5211759489153279	0.47882405108467196
1733	0.500903047682134	0.49909695231786605
1734	0.520645047730989	0.47935495226901115
1735	0.5521885845988208	0.44781141540117914
1736	0.4855511962335831	0.5144488037664169
1737	0.5409405330937804	0.4590594669062196
1738	0.547686680931644	0.45231331906835603
1739	0.5236155212071787	0.4763844787928213
1740	0.5457073908366266	0.45429260916337344
1741	0.5309276565531008	0.4690723434468993
1742	0.5184691429273541	0.48153085707264587
1743	0.5495856486587071	0.4504143513412929
1744	0.5423186063608464	0.4576813936391536
1745	0.5738191748488929	0.42618082515110717
1746	0.5599470999831786	0.4400529000168214
1747	0.5470699398221452	0.45293006017785464
1748	0.533743221414332	0.466256778585668
1749	0.574059799151172	0.425940200848828
1750	0.5206430244198987	0.4793569755801013
1751	0.540749740370095	0.45925025962990507
1752	0.5836194817366646	0.41638051826333544
1753	0.5655334987710259	0.4344665012289742
1754	0.5871852973901195	0.4128147026098805
1755	0.4851579023182407	0.5148420976817594
1756	0.5556173679088846	0.4443826320911154
1757	0.5072258884463737	0.4927741115536262
1758	0.5226023561488616	0.4773976438511383
1759	0.5538034271340592	0.44619657286594083
1760	0.5386911373535005	0.46130886264649945
1761	0.556964534485079	0.443035465514921
1762	0.5449729773378331	0.4550270226621669
1763	0.4923519152330869	0.5076480847669133
1764	0.5608979121525807	0.4391020878474192
1765	0.5009671045154731	0.499032895484527
1766	0.5602968847144407	0.43970311528555933
1767	0.5817002769474783	0.41829972305252167
1768	0.5163954809154522	0.4836045190845477
1769	0.5147760491454813	0.48522395085451875
1770	0.511898666763158	0.48810133323684196
1771	0.5774953970493785	0.42250460295062153
1772	0.5274952439017264	0.4725047560982736
1773	0.5772233583789323	0.42277664162106765
1774	0.5807965632555878	0.4192034367444122
1775	0.5476406802190401	0.45235931978095995
1776	0.5650385021357096	0.4349614978642903
1777	0.5270573140766149	0.47294268592338495
1778	0.5572969997042042	0.4427030002957958
1779	0.5912684097385368	0.4087315902614633
1780	0.5075658951948754	0.4924341048051246
1781	0.5842726931421687	0.4157273068578315
1782	0.545550125476373	0.454449874523627
1783	0.49514922660528876	0.5048507733947112
1784	0.5095651489132084	0.4904348510867915
1785	0.5533451544662801	0.4466548455337199
1786	0.49954087503598743	0.5004591249640127
1787	0.5384463280901564	0.4615536719098437
1788	0.5480337269211649	0.451966273078835
1789	0.5438616894897644	0.45613831051023546
1790	0.5156715467682298	0.4843284532317702
1791	0.5002863323951848	0.4997136676048151
1792	0.5561649982277025	0.44383500177229757
1793	0.5424567746358054	0.4575432253641947
1794	0.5303197647040572	0.4696802352959428
1795	0.5848840971456917	0.41511590285430844
1796	0.5332739037277899	0.4667260962722102
1797	0.511210226371278	0.488789773628722
1798	0.5607092784398263	0.43929072156017357
1799	0.5325402383729696	0.46745976162703057
1800	0.5113910255858863	0.48860897441411383
1801	0.5108499142627203	0.48915008573727975
1802	0.550214836738282	0.44978516326171797
1803	0.5481572853366969	0.4518427146633031
1804	0.5534977479036576	0.4465022520963424
1805	0.557832615997439	0.4421673840025609
1806	0.5439400822447291	0.4560599177552709
1807	0.5394600338564634	0.46053996614353665
1808	0.5201676989700221	0.4798323010299778
1809	0.551253949177611	0.44874605082238905
1810	0.5059366691181375	0.49406333088186244
1811	0.5697207947766056	0.43027920522339425
1812	0.5636591202493024	0.4363408797506976
1813	0.543213798757931	0.456786201242069
1814	0.49115964480411184	0.5088403551958881
1815	0.5088188577410803	0.4911811422589198
1816	0.5142021570499592	0.48579784295004075
1817	0.565459097972181	0.43454090202781914
1818	0.5642726033149282	0.43572739668507166
1819	0.5276136954905057	0.47238630450949426
1820	0.5681094365503249	0.4318905634496753
1821	0.5709110845646082	0.42908891543539174
1822	0.5073874062543764	0.49261259374562355
1823	0.5119494654415935	0.4880505345584066
1824	0.5179643038166807	0.4820356961833195
1825	0.47935818618759296	0.520641813812407
1826	0.4777461420562985	0.5222538579437016
1827	0.47528380220231514	0.5247161977976847
1828	0.4962235532306821	0.5037764467693179
1829	0.502818030690038	0.4971819693099619
1830	0.5398663257922514	0.4601336742077486
1831	0.5459598862878716	0.4540401137121284
1832	0.5315931944151325	0.46840680558486736
1833	0.550231522098028	0.4497684779019721
1834	0.5147838315889849	0.4852161684110151
1835	0.5606369427160142	0.4393630572839859
1836	0.5107150845228746	0.4892849154771253
1837	0.5027771288755409	0.49722287112445906
1838	0.5639389065325313	0.4360610934674687
1839	0.5777502644280954	0.4222497355719047
1840	0.5908948614088331	0.40910513859116704
1841	0.5952015258149794	0.40479847418502046
1842	0.584218577575524	0.41578142242447597
1843	0.5826646249097827	0.41733537509021734
1844	0.5859657595761636	0.41403424042383635
1845	0.517342097668929	0.48265790233107114
1846	0.49187014386537986	0.5081298561346201
1847	0.4899650438555989	0.5100349561444011
1848	0.4915129096859396	0.5084870903140604
1849	0.5194562394146981	0.48054376058530196
1850	0.5410481954340118	0.45895180456598805
1851	0.5370204596889759	0.46297954031102406
1852	0.5573556937433649	0.442644306256635
1853	0.5486345023418794	0.45136549765812056
1854	0.5470018238663739	0.4529981761336262
1855	0.5372656097606827	0.4627343902393172
1856	0.515719349209029	0.4842806507909712
1857	0.5398747950233432	0.4601252049766569
1858	0.5543085627792181	0.44569143722078186
1859	0.5410222798819517	0.4589777201180484
1860	0.5495211464553921	0.4504788535446078
1861	0.556211817020568	0.4437881829794319
1862	0.5107101630528319	0.48928983694716804
1863	0.5672153640196334	0.43278463598036665
1864	0.5480483651852892	0.45195163481471085
1865	0.5432538493272743	0.45674615067272567
1866	0.4803643350067884	0.5196356649932117
1867	0.5151604533601052	0.48483954663989487
1868	0.5641933034450525	0.4358066965549476
1869	0.5402222851043577	0.4597777148956423
1870	0.5564432082945826	0.4435567917054173
1871	0.5619356231596211	0.4380643768403788
1872	0.5523143211108346	0.4476856788891655
1873	0.5396110812852275	0.46038891871477255
1874	0.55623198031207	0.44376801968793
1875	0.558219571273513	0.44178042872648704
1876	0.4936910821961908	0.5063089178038093
1877	0.5847982679436664	0.4152017320563335
1878	0.5855750926200715	0.41442490737992854
1879	0.5714007725424667	0.4285992274575333
1880	0.5248016317448664	0.47519836825513356
1881	0.5521973259853273	0.44780267401467266
1882	0.5601343595565438	0.4398656404434562
1883	0.49112347764524683	0.5088765223547532
1884	0.551770032596775	0.44822996740322507
1885	0.5099857476518952	0.4900142523481048
1886	0.5248001747215046	0.4751998252784953
1887	0.5623421483948592	0.4376578516051409
1888	0.5766606008810894	0.4233393991189106
1889	0.5022527531308462	0.4977472468691538
1890	0.4656394749195134	0.5343605250804866
1891	0.6138664726049261	0.38613352739507384
1892	0.5053392654215025	0.4946607345784976
1893	0.5143265055137292	0.48567349448627084
1894	0.4978829437937368	0.5021170562062631
1895	0.5097115832004337	0.4902884167995662
1896	0.5510424062287179	0.448957593771282
1897	0.5131078001199635	0.4868921998800365
1898	0.5830932715073657	0.41690672849263444
1899	0.5116731445611893	0.48832685543881066
1900	0.5521729432510123	0.4478270567489877
1901	0.5726340471027589	0.4273659528972413
1902	0.5062482851061892	0.4937517148938108
1903	0.5780674489466192	0.4219325510533809
1904	0.5167324302070327	0.48326756979296726
1905	0.5737361767519239	0.42626382324807616
1906	0.5665418719526928	0.4334581280473072
1907	0.54225553886743	0.4577444611325699
1908	0.555990218978712	0.4440097810212878
1909	0.5362293336962751	0.4637706663037248
1910	0.5598446691934864	0.4401553308065135
1911	0.5410961413350138	0.45890385866498606
1912	0.5548303953721673	0.44516960462783267
1913	0.561880387822213	0.4381196121777871
1914	0.5958385148787299	0.4041614851212702
1915	0.5162726401076699	0.4837273598923301
1916	0.47651134804108847	0.5234886519589116
1917	0.6023411019378422	0.39765889806215776
1918	0.46712197337546946	0.5328780266245305
1919	0.5286990253573154	0.4713009746426847
1920	0.5060627822286452	0.49393721777135485
1921	0.5312760159507613	0.46872398404923854
1922	0.5749694342955142	0.4250305657044858
1923	0.5254741895715238	0.4745258104284763
1924	0.5545429955093173	0.4454570044906826
1925	0.5650286843966754	0.4349713156033246
1926	0.5968305006859969	0.4031694993140031
1927	0.44073419006258013	0.5592658099374198
1928	0.48275130104883834	0.5172486989511618
1929	0.4783228885505374	0.5216771114494627
1930	0.5556038714503956	0.44439612854960453
1931	0.547092495901501	0.4529075040984989
1932	0.5378369439087246	0.46216305609127534
1933	0.5145677993627562	0.4854322006372436
1934	0.5759846380333773	0.42401536196662276
1935	0.5767452238155152	0.42325477618448476
1936	0.5591263005414753	0.44087369945852484
1937	0.5045282954027172	0.49547170459728285
1938	0.5264527339966042	0.4735472660033958
1939	0.5697379624287652	0.43026203757123477
1940	0.5762010476533864	0.42379895234661363
1941	0.5320265249573155	0.4679734750426844
1942	0.5458056985117709	0.4541943014882292
1943	0.5642878320040994	0.43571216799590046
1944	0.4891890284658873	0.5108109715341127
1945	0.515215272405905	0.484784727594095
1946	0.5891682849667069	0.4108317150332931
1947	0.42527404697870275	0.5747259530212973
1948	0.46662228013647716	0.5333777198635229
1949	0.5030207755630887	0.4969792244369114
1950	0.5084262476211882	0.49157375237881196
1951	0.5529423903078011	0.44705760969219904
1952	0.5436996192291058	0.4563003807708943
1953	0.5160348251137019	0.4839651748862981
1954	0.5338063112856488	0.4661936887143512
1955	0.5231626673138331	0.47683733268616696
1956	0.5442910940076203	0.45570890599237956
1957	0.5532003765345287	0.4467996234654712
1958	0.5007566030779131	0.4992433969220869
1959	0.5352736694416838	0.4647263305583163
1960	0.5282917859698232	0.4717082140301767
1961	0.5298588127348887	0.4701411872651113
1962	0.5453921364348138	0.4546078635651862
1963	0.49071322244338067	0.5092867775566193
1964	0.5681366317824096	0.43186336821759036
1965	0.5041192305928218	0.49588076940717835
1966	0.5755596814988047	0.42444031850119535
1967	0.5086482787413582	0.4913517212586418
1968	0.571691502316875	0.42830849768312496
1969	0.5374868026820935	0.46251319731790647
1970	0.586650657086522	0.41334934291347797
1971	0.4943631775249108	0.5056368224750892
1972	0.541560306896656	0.45843969310334404
1973	0.5306454430115123	0.46935455698848777
1974	0.5328310051469821	0.4671689948530178
1975	0.5140867107521856	0.48591328924781435
1976	0.5149510607171557	0.4850489392828443
1977	0.5456315520780991	0.4543684479219009
1978	0.5747523735623851	0.42524762643761504
1979	0.4561402201951498	0.5438597798048502
1980	0.58870198407107	0.41129801592892995
1981	0.5070509623047784	0.4929490376952215
1982	0.5260686430370409	0.47393135696295896
1983	0.5681934923809224	0.4318065076190776
1984	0.528330846645038	0.4716691533549619
1985	0.576858766791128	0.4231412332088719
1986	0.547523262225205	0.45247673777479497
1987	0.539521407265936	0.460478592734064
1988	0.5353003478856471	0.464699652114353
1989	0.5669836140049699	0.43301638599503023
1990	0.5310385017757917	0.46896149822420813
1991	0.5453895535151255	0.4546104464848744
1992	0.47925808486599714	0.5207419151340029
1993	0.4677897902980275	0.5322102097019725
1994	0.4846755977840469	0.5153244022159532
1995	0.5054166487433398	0.49458335125666025
1996	0.5612625924706556	0.4387374075293445
1997	0.5384945370968576	0.4615054629031426
1998	0.5424552252230338	0.45754477477696626
1999	0.571407427471982	0.42859257252801786
